<?xml version="1.0" encoding="utf-8"?>
<rs:rawSignal xmlns:rs="http://signalml.org/rawsignal">
	<rs:exportFileName>name</rs:exportFileName>
	<rs:sourceFileName>/home/n_tech_1/still_eyes_closed_eyes_open.obci.raw</rs:sourceFileName>
	<rs:sourceFileFormat>
		<rs:rawSignalInfo></rs:rawSignalInfo>
	</rs:sourceFileFormat>
	<rs:samplingFrequency>128.0</rs:samplingFrequency>
	<rs:channelCount>5</rs:channelCount>
	<rs:sampleCount>10708</rs:sampleCount>
	<rs:calibration>1.0</rs:calibration>
	<rs:sampleType>FLOAT</rs:sampleType>
	<rs:byteOrder>LITTLE_ENDIAN</rs:byteOrder>
	<rs:pageSize>20.0</rs:pageSize>
	<rs:blocksPerPage>5</rs:blocksPerPage>
	<rs:channelLabels>
		<rs:label>top_right</rs:label>
		<rs:label>bottom_right</rs:label>
		<rs:label>top_left</rs:label>
		<rs:label>bottom_left</rs:label>
		<rs:label>TSS</rs:label>
	</rs:channelLabels>
	<rs:calibrationGain>
		<rs:calibrationParam>1.0</rs:calibrationParam>
		<rs:calibrationParam>1.0</rs:calibrationParam>
		<rs:calibrationParam>1.0</rs:calibrationParam>
		<rs:calibrationParam>1.0</rs:calibrationParam>
		<rs:calibrationParam>1.0</rs:calibrationParam>
	</rs:calibrationGain>
	<rs:calibrationOffset>
		<rs:calibrationParam>0.0</rs:calibrationParam>
		<rs:calibrationParam>0.0</rs:calibrationParam>
		<rs:calibrationParam>0.0</rs:calibrationParam>
		<rs:calibrationParam>0.0</rs:calibrationParam>
		<rs:calibrationParam>0.0</rs:calibrationParam>
	</rs:calibrationOffset>
	<rs:firstSampleTimestamp>1519808189.870584</rs:firstSampleTimestamp>
</rs:rawSignal>
